,id,name,latitude,longitude,room_type,price
65,8810949,NYC  Upscale Midtown East 3BR Apt,40.748670000000004,-73.96734000000001,Entire home/apt,1170
108,12870225,Fab 3BR UN Plaza with River Views,40.7526,-73.96789,Entire home/apt,1100
140,14408114,Unparalleled Luxury in Midtown Manhattan,40.76455,-73.97959,Entire home/apt,2500
155,15347268,Modern Luxury 2 Bed/ 2 Bath apartment in Midtown!,40.75425,-73.98312,Entire home/apt,2000
159,15857259,5 Star Luxury 2 BR Suite Heart of Manhattan,40.7611,-73.97412,Entire home/apt,1999
163,16173564,The Gnome House ‚Äú Oasis in the city ‚Äú,40.75979,-73.96444,Entire home/apt,1200
334,31019621,Luxury on 5th Ave St. Regis 2 King BR Suite 5 Star,40.76024,-73.97483000000001,Entire home/apt,1999
641,43753422,AKA Two Bedroom Premium Suite,40.76518,-73.97594000000001,Entire home/apt,1500
696,45116375,White on White Loft Space | EVENTS,40.75496,-73.99128,Entire home/apt,3000
738,2952861,‚îÇ ‚ôõ ‚îÇ THE NOTORIOUS B.N.B. ‚îÇ PHOTO LOCATION,40.69127,-73.96563,Entire home/apt,4600
739,2953058,‚îÇ ‚ôõ ‚îÇ THE NOTORIOUS B.N.B. ‚îÇ FILM LOCATION,40.69137,-73.96723,Entire home/apt,8000
874,279857,Entire Home w 8 BR /5 Bath No share Yellow Block,40.68492,-73.95489,Private room,900
1363,32732490,Pro-Music Recording Studio With  Bedroom & Lounge,40.69025,-73.92491,Private room,400
1447,36197791,Zen light-filled Brooklyn Duplex,40.68757,-73.95038000000001,Private room,350
1449,36282795,Amazing unique loft with jacuzzi,40.69246,-73.93427,Private room,500
1546,39302289,Great bedroom on fulton,40.67922,-73.90907,Private room,500
1603,40919941,NYC Airbnb 4.,40.69364,-73.94507,Private room,350
1714,44223269,Cozy furn. duplex in the heart of BK w W/D in unit,40.6939,-73.94496,Private room,1500
1753,45084440,Cozy Studio in the Heart of Bed Stuy,40.679990000000004,-73.94452,Private room,1850
1868,42528852,The Sanctuary | Events 15 Guests,40.651140000000005,-74.01271,Entire home/apt,2429
1874,43638327,The Sanctuary | Overnight 4 Guests,40.65102,-74.01111,Entire home/apt,1200
1882,45092032,The Sanctuary | Overnight 6 Guests,40.65101,-74.01258,Entire home/apt,1600
2107,31808138,Located in the heart of time square,40.7616,-73.99828000000001,Private room,2200
2112,33353713,Cozy 2 bedroom located down town New York.,40.7555,-73.99274,Private room,950
2121,35032018,Family Room for 8 Guests in Boutique Hotel,40.75582,-73.99556,Private room,899
2125,35457818,Sleep 6 in Times Square Boutique Hotel,40.75591,-73.99278000000001,Private room,899
2220,43535987,Modern Loft with private Backyard Theatre District,40.76594,-73.99013000000001,Private room,696
2257,3323189,2000 sq ft Photographers loft,40.715559999999996,-73.99234,Entire home/apt,585
2287,25264664,"Stunning, Sunny Tribeca Loft",40.71845,-74.00214,Entire home/apt,500
2460,17537893,The Otheroom Bar/Event/Filming Space -read details,40.73571,-74.0078,Entire home/apt,4000
2554,37332942,Exclusive Event Loft on Iconic Meatpacking Corner,40.73958,-74.00466,Entire home/apt,2000
2603,43749317,Charming West Village 1BR! Preferred 1Month Rental,40.729009999999995,-74.00346,Entire home/apt,4000
2619,44705947,Huge Townhome 5 B with patio Downtown West village,40.73723,-74.00152,Entire home/apt,2107
2630,1291020,One family  house sublet July 2-August 31 2020,40.66812,-73.99022,Private room,250
2658,180717,Luxury Room with Central Park Views,40.79423,-73.96621999999999,Private room,600
2727,12657888,"convenient, furnished APT",40.801829999999995,-73.96373,Private room,980
2782,23804690,One Central Park,40.769859999999994,-73.98196999999999,Private room,540
2815,30927844,Cost-effective nice room near Columbia University!,40.80146,-73.96076,Private room,1300
2896,42662526,Experience paradise on earth in midtown,40.76871,-73.98221,Private room,1000
3182,44258559,East Harlem Getaway,40.80312,-73.93457,Entire home/apt,2600
3243,11553360,King 7,40.69413,-73.9723,Entire home/apt,1073
3294,33473664,The Park Townhouse - Jewel of Fort Greene,40.68991,-73.97352,Entire home/apt,850
3300,35962803,Best Looking Townhouse in Brooklyn-GQ Magazine,40.68893,-73.97015999999999,Entire home/apt,800
3419,15392689,"Private, Spacious Bedroom in Harlem, single bed",40.80242,-73.94215,Private room,5000
3432,18610554,"Private bedroom, Queenbed on suite bath and closet",40.80141,-73.94341,Private room,5000
3932,20245130,Modern Mid-Century Townhouse in Williamsburg!,40.71248,-73.96095,Entire home/apt,857
3970,23370484,SHOOTS ONLY -- Large Sunny loft in Williamsburg,40.71782,-73.96318000000001,Entire home/apt,1000
3971,23372850,SHOOTS ONLY - Eclectic Artist Loft in Williamsburg,40.71846,-73.9616,Entire home/apt,2000
3972,23373090,SHOOTS ONLY - Huge Artist loft in Williamsburg,40.71653,-73.96276,Entire home/apt,2500
4184,40171124,New lofts,40.70646,-73.93853,Entire home/apt,3500
4260,43093018,Duplex Loft private balcony in best Williamsburg,40.719570000000004,-73.96346,Entire home/apt,999
4265,43315653,BEST LOCATION 9bed/6bath (10Min to NYC) w Rooftop!,40.71565,-73.94097,Entire home/apt,999
4279,43785452,"Modern Condo, Private Roof Overlooking Domino Park",40.7151,-73.96688,Entire home/apt,999
4296,44475802,Furnished Room in Williamsburg 3BR Apartment,40.71188,-73.94041999999999,Entire home/apt,900
4334,45310726,"Big Open Space for Artists , POP Ups, Photo Shoots",40.71056,-73.93526999999999,Entire home/apt,1000
4398,1617488,Rooftop Oasis in Brooklyn for Shoots & Gigs,40.69017,-73.95756999999999,Entire home/apt,750
4422,2361020,URBAN CHIC VIDEO/PHOTO SHOOTS ONLY,40.68172,-73.93236,Entire home/apt,1000
4437,3145484,Historic Townhome for Photo and Video Shoots,40.68695,-73.95427,Entire home/apt,700
4467,4227161,New York I Love You 7 Bedrooms,40.68542,-73.95184,Entire home/apt,1050
4483,5442313,3 Freshly Renovated Flats 1 House!,40.68054,-73.91374,Entire home/apt,800
4567,9776054,Christmas and New Years in NYC,40.68581,-73.94689,Entire home/apt,857
4610,13601777,Planta Baja Studio,40.68786,-73.95688,Entire home/apt,1000
4630,14840286,Artist's Townhouse,40.68785,-73.92412,Entire home/apt,675
4690,18054268,Gorgeous 4 bedroom  Duplex 15 min from Soho,40.69424,-73.9385,Entire home/apt,700
4721,19786240,Venice Beach Meets Brooklyn  Stunning Townhouse,40.68827,-73.94943,Entire home/apt,550
4723,19801076,The North House:Large NYC home 15 Min to Manhattan,40.68085,-73.94224,Entire home/apt,818
4752,21458974,Brooklyn's Peaceful Palace 2,40.6818,-73.92851,Entire home/apt,764
4762,21924586,Entire 2 bedroom top floor in Clinton Hill,40.68537,-73.95894,Entire home/apt,589
4845,26451520,"3 Renovated Flats...1 House, 25 Min To Manhattan",40.68193,-73.91344000000001,Entire home/apt,800
4859,27782804,"SPACIOUS & CHARMING w/garden 4BR 
walk 2 train",40.69138,-73.93217,Entire home/apt,600
4906,30950186,Classic Brownstone Living in historic BROOKLYN,40.68353,-73.93566,Entire home/apt,540
4931,32283154,70KO,40.6892,-73.95213000000001,Entire home/apt,1000
4941,32668712,BB+B  Brooklyn Brick & Brownstone/ Treetop terrace,40.68472,-73.9418,Entire home/apt,736
5027,36343547,Gorgeous 3 BR with backyard 15 minutes from Soho,40.69378,-73.93932,Entire home/apt,700
5062,37648875,"Beautiful, Modern Brooklyn Brownstone",40.6823,-73.93681,Entire home/apt,771
5097,39298457,Sept. Special Reduced! - 5BR/3.5bth Arch's t'house,40.683609999999994,-73.95393,Entire home/apt,600
5098,39381034,"Bright, Art Filled Brownstone, Walks to Subway",40.687090000000005,-73.92803,Entire home/apt,899
5198,43332367,HUGE CONTEMPORARY DUPLEX 3 BR LUXURY APARTMENT,40.68722,-73.92917,Entire home/apt,650
5336,893413,Architecturally Stunning Former Synagogue!,40.72668,-73.98179,Entire home/apt,2536
5385,4586448,East Village Townhouse,40.73118,-73.98885,Entire home/apt,1500
5521,25031840,Iconic and Rustic Summer Hideaway,40.73284,-73.98758000000001,Entire home/apt,975
5574,32037930,East VillageTownhouse for 30 day minimum rentals.,40.72997,-73.9884,Entire home/apt,1500
5607,35637155,East Village 1250sq ft Venue w/ Outdoor Space,40.728159999999995,-73.98201999999999,Entire home/apt,1124
5682,40918843,entire one bedroom apartment in east village,40.72984,-73.98828,Entire home/apt,2850
6118,21175139,"Manhattan, double size sofa bed no deposit",40.80323,-73.94253,Private room,5000
6255,30935679,Ashly‚Äôs apartment,40.82206,-73.93799,Private room,900
6383,37828926,Group Stay @ Northern Lights Mansion,40.8069,-73.95121,Private room,1375
6439,40319389,Long term room for rent (Harlem),40.81558,-73.94675,Private room,1275
6614,7915831,"Lovely, Room/with Private bathroom",40.63982,-73.96634,Private room,313
6629,11046598,Huge 3 bdrm in Ditmas Park/Flatbush,40.64261,-73.95779,Private room,371
6636,14030285,"Very large 3 bdrm, 1.5 bath, Flatbush/Ditmas Park",40.64314,-73.95817,Private room,317
6646,15564125,High End 4 bedroom in best location in Ditmas Park,40.63766,-73.96611,Private room,408
6697,36382677,"Modern Duplex in Brooklyn, NY",40.63839,-73.96736999999999,Private room,435
6758,30507928,Private Entrance Room in the HEART of the Village,40.71982,-73.98946,Shared room,150
6899,29542012,Gorgeous Bohemian one BEDROOM in EAST VILLAGE,40.72208,-73.98472,Private room,1500
6900,29777340,East Village Luxury Retreat,40.7281,-73.98293000000001,Private room,450
6926,34471928,Refined 3 bed/2 bath Home in Union Square NYC,40.7317,-73.98664000000001,Private room,499
6942,39510679,Clean and Comfortable place to Stay!,40.73002,-73.9864,Private room,499
7351,30035166,4-Floor Unique Event Space 50P Cap. - #10299B,40.825109999999995,-73.94960999999999,Entire home/apt,4500
7358,30589636,Furnished 1000sq large 2bed + office in Harlem,40.81315,-73.9511,Entire home/apt,3200
7366,31225706,Sugar Hill Retreat,40.82294,-73.94453,Entire home/apt,2714
7436,38067033,"Manhattan. 20+ people, 7 bedrooms and 4 baths",40.82382,-73.94516,Entire home/apt,1200
7439,38402366,Amazing Event Space in Harlem,40.807190000000006,-73.94322,Entire home/apt,1200
7492,42175448,‚ô•$7 MILLION TOWNHOME -  Disinfected‚ô•,40.82165,-73.94442,Entire home/apt,1122
7630,29710463,"2 bedroom, one bath in Crown Heights",40.662490000000005,-73.95075,Entire home/apt,2545
7668,40744843,Amazing 3 BR in Crown Heights (Minimum 30 days),40.660109999999996,-73.94194,Entire home/apt,980
7711,8171965,Astoria Room Facing the Park,40.76211,-73.92894,Private room,243
7788,40501316,LIC Dreams Duplex |  Two Bdrm & Two Floors of Cozy,40.75297,-73.94235,Private room,250
7804,43087163,Luxury Apartment Room 1 stop from Midtown,40.74664,-73.94118,Private room,250
7840,13910919,Room,40.67088,-73.76671999999999,Private room,159
7842,15582426,A Place For You tonight...,40.67203,-73.76711,Private room,159
7884,28368404,Penthouse living 1 single room 4 a night or 2!!!,40.70507,-73.80424000000001,Private room,210
7914,36760858,Summer Winters Getaway Double Room Suites,40.687290000000004,-73.79379,Private room,175
8011,39503071,Forte Green with Great Views,40.69044,-73.97944,Private room,400
8071,18071399,West Chelsea Studios - Penthouse 12,40.749320000000004,-74.00333,Private room,2857
8080,22295960,Chelsea Gallery Space for events and exhibitions,40.750809999999994,-74.00395999999999,Private room,2836
8081,22296097,Chelsea Gallery Space for events and exhibitions,40.74913,-74.00373,Private room,3693
8351,41582447,DUPLEX WITH PRIVATE GARDEN IN GRAMERCY PARK,40.73966,-73.98053,Entire home/apt,1750
8372,43545269,Studio apartment,40.745940000000004,-73.97945,Entire home/apt,2800
8415,9528920,"Quiet, Clean, Lit @ LES & Chinatown",40.71355,-73.98507,Private room,7314
8507,39574087,"The Allen Hotel, Deluxe Penthouse King Suite",40.71894,-73.99178,Private room,10000
8593,41584661,STAY IN SOHO TODAY!!!,40.7218,-73.9951,Entire home/apt,800
8655,644464,Loft Room in Heart of Williamsburg,40.718270000000004,-73.96259,Private room,350
8722,4074248,Skylight Room in BK Duplex in Williamsburg,40.71413,-73.94868000000001,Private room,500
8755,6574595,Two Adjoined Rooms Williamsburg,40.71329,-73.96231999999999,Private room,862
8761,7053815,HUGE Entire Flr. Private Entry/Bath,40.71805,-73.93973000000001,Private room,400
8778,9772486,Williamsburg 2000sqft,40.71712,-73.94671,Private room,541
8780,10386936,Private Room in Williamsburg!,40.71141,-73.95155,Private room,1002
8782,10829384,Large room in sunny Williamsburg Artist's loft.,40.711940000000006,-73.96471,Private room,381
8789,12851307,Private Room in Williamsburg Duplex,40.71267,-73.95366999999999,Private room,1000
9328,6702693,"Designer Fifth Ave 4BR 4.5Ba 6,000sf Modern Loft",40.73692,-73.99219000000001,Entire home/apt,2050
9412,22296197,"Chelsea Gallery for events, exhibitions, fashion",40.74888,-74.00480999999999,Entire home/apt,4943
9416,23855466,Cheap Rental in Manhattan DowntownÔºÅ,40.75031,-73.99336,Entire home/apt,2000
9484,33998396,3000 sq ft daylight photo studio,40.7506,-74.00388000000001,Entire home/apt,6800
9596,42405851,Great Party/Event Gathering Space. Wide open.,40.7474,-73.9943,Entire home/apt,2200
9667,44651142,Stunning Townhouse in Chelsea,40.74371,-74.00363,Entire home/apt,2043
9720,2659183,"Luxury 5BR Townhouse, Upper East",40.76791,-73.96509,Entire home/apt,1999
9779,6000898,Magnificent Townhouse - Upper East Side - NYC,40.78155,-73.95175,Entire home/apt,1264
9787,6766537,Private Designer Townhouse & Garden - Central Park,40.77729,-73.95537,Entire home/apt,1400
9924,18349549,"Luxury Apt with top amenities ( pool, gym, spa)",40.77937,-73.95636,Entire home/apt,1900
10062,32080210,Central Park & Rooftop with 4 large luxury rooms,40.77698,-73.95711999999999,Entire home/apt,950
10070,33467371,"Private, Beautiful Upper Eastside Townhome",40.76725,-73.95864,Entire home/apt,2450
10189,40676971,"40th Floor NYC Views! Luxury 2,500 SF on UES.",40.76728,-73.95439,Entire home/apt,1000
10208,41208239,CENTRAL PARK  Townhouse w huge backyard 5B,40.76238,-73.96176,Entire home/apt,1709
10214,41583926,Historic UES Carriage House Above Art Gallery,40.774229999999996,-73.95716,Entire home/apt,4167
10305,43915575,Mint condition bright gem steps from Central Park,40.76558,-73.96758,Entire home/apt,995
10412,28022379,An Urban Hideaway,40.68002,-73.96514,Entire home/apt,800
10414,31120563,Magnificent 5 Bedroom Brooklyn Townhouse,40.68187,-73.97075,Entire home/apt,1071
10471,8217454,‚îÇ ‚ôõ ‚îÇ THE NOTORIOUS B.N.B. ‚îÇ FOR GROUPS,40.68971,-73.96695,Private room,1559
10704,32501807,Private Patio for Family. Luxury space. 10-12.,40.83528,-73.94179,Private room,1213
10713,33396290,Relax for 12 . Luxury Duplex Your group deserves,40.8357,-73.94234,Private room,1099
10783,41085750,Private Bedroom in Washington Heights Apartment,40.83668,-73.94001,Private room,1000
10813,43772088,Perfect Summer Sublet in Gorgeous Hudson Heights,40.85633,-73.9338,Private room,750
10817,44042603,Gorgeous Manhattan Sublet,40.85756,-73.93486,Private room,750
10832,270231,Cozy New York  City private room,40.74409,-73.91122,Private room,150
10833,519310,YOU ROOM IN NYC,40.74377,-73.91225,Private room,150
10841,8597141,"Private Room, 15min from MANHATTAN",40.74921,-73.9037,Private room,164
10861,23840030,"Cozy, Convenient 10 min from Manhattan !",40.75608,-73.90535,Private room,150
10935,35005367,"Beautiful 3 bedroom close to Times Square, NYC",40.74357,-73.90894,Private room,179
11016,43393934,Lux 2BR2BA w/ Queen Beds. Nice LR. Near Subway,40.74478,-73.90644,Private room,152
11081,32862140,Furnished room in Manhattan Apt!,40.74068,-73.97848,Private room,1300
11241,31340283,2br - The Heart of NYC: Manhattans Lower East Side,40.7198,-73.98566,Entire home/apt,9999
11412,39386691,Gorgeous Victorian House!!,40.64433,-73.96654000000001,Entire home/apt,1800
11415,39535849,CatonSidesüåÄü§∑üèæ‚Äç‚ôÇÔ∏è‚ìÇÔ∏è,40.65166,-73.95957,Entire home/apt,1000
11439,19601,perfect for a family or small group,40.69723,-73.99268000000001,Entire home/apt,2000
11534,19554491,A Room in Park Slope,40.680659999999996,-73.97299,Private room,340
11686,15928889,Cozy private room in a new building in Bushwick,40.69283,-73.92702,Private room,900
11715,18342727,Comfy and Quiet Private Room in Brooklyn,40.694320000000005,-73.92035,Private room,2500
11789,24919398,Bushwick room bright! Close steps to everything!,40.70564,-73.92411,Private room,853
11901,33936370,Cozy room with 3 windows.,40.69174,-73.90811,Private room,900
11992,39536246,Linden Street,40.70172,-73.9119,Private room,1275
12008,40089988,PET FRIENDLY 2Bed 1Bath Private Backyard,40.69944,-73.92273,Private room,479
12032,41257880,Brooklyn/Bushwick Loft,40.69631,-73.93026,Private room,700
12190,664047,Lux 2Bed/2.5Bath Central Park Views,40.77516,-73.98573,Entire home/apt,2500
12227,2110145,UWS 1BR w/backyard + block from CP,40.77782,-73.97848,Entire home/apt,6000
12269,5616298,Lux 2Bed/2.5Bath Central Park View!,40.7747,-73.98708,Entire home/apt,2500
12270,5649623,Lux 2Bed/2Bath Central Park Views!,40.77306,-73.98637,Entire home/apt,2000
12355,14730708,Breathtaking City Views 3 Bed Apt. in Lincoln Sq!,40.7791,-73.98182,Entire home/apt,3000
12425,22436899,1-BR Lincoln Center,40.77213,-73.98665,Entire home/apt,10000
12820,38132576,Stunning light-filled Townhouse 3BR/3BA in BKLYN,40.67669,-74.0004,Entire home/apt,695
12849,141335,Architect's Brownstone,40.67535,-73.97654,Entire home/apt,900
12888,5116726,Stunning townhouse in Park Slope,40.67034,-73.97511999999999,Entire home/apt,995
12932,17926371,Historic Park Slope Brownstone,40.67177,-73.97105,Entire home/apt,1000
12995,42559545,"Park Slope home available, steps from the park",40.67021,-73.9756,Entire home/apt,730
13023,6087959,2000sq $2 million 3 story townhouse,40.68383,-73.98869,Entire home/apt,684
13063,35497497,Rossini's Place,40.68466,-73.98748,Entire home/apt,764
13092,4428906,Family Friendly Park Slope House,40.66421,-73.98706,Entire home/apt,380
13230,15678856,"Soho luxury large one-bedroom, Perfectly located.",40.72486,-74.00576,Entire home/apt,2500
13243,22653782,Soho 2 Bedroom Penthouse with Private Rooftop,40.72336,-74.00418,Entire home/apt,1599
13277,41720653,WONDERFUL SOHO TOWNHO0USE WITH PRIVATE BACKYARD,40.72177,-74.00439,Entire home/apt,1750
13280,42492552,WONDERFUL SOHO TOWNHOUSE WITH PRIVATE BACKYARD,40.722390000000004,-74.00256,Entire home/apt,1899
13489,40889966,‰∏∫‰∫ÜËá™Áî±,40.74289,-73.82091,Private room,750
13537,2297259,SUPER SUPER BOWL PAD,40.68497,-73.98899999999999,Entire home/apt,900
13608,4942523,Huge Room  15 min to Grand Central,40.73835,-73.92636,Private room,379
13633,18434309,private  room LONG Term Welcome Safe neighborhood,40.73702,-73.92657,Private room,499
13642,22250050,Beautiful cozy room close to Manhattan,40.73679,-73.92560999999999,Private room,500
13786,11863602,TRIBECA LOFT DAYLIGHT FILM/PHOTO STUDIO ONLY,40.71738,-74.01061,Entire home/apt,5000
13830,36056808,Luxury TriBeCa Apartment at an amazing price,40.71206,-74.00999,Entire home/apt,6500
13901,24200751,Rooftop + Balcony LuxeModern 4Bed 2Bath | 5 Guests,40.70653,-73.90876999999999,Entire home/apt,386
13913,35288933,2500sq ft Townhouse w KingBed & Backyard @Bushwick,40.70528,-73.90896,Entire home/apt,375
13970,26139678,Private cozy room in perfect UWS,40.80485,-73.96534,Private room,1200
14075,24945710,Hey New Yorkers!,40.70126,-73.90231,Private room,340
14107,39174672,Room for  rent   950   A month,40.705490000000005,-73.90578000000001,Private room,300
14161,30818441,TIMES SQUARE 3BR FLAT APT,40.76291,-73.99179000000001,Shared room,485
14172,35641231,Steps to Times Square Modern Apt ‚ô•,40.75882,-73.9903,Shared room,400
14417,27373599,Perfect pad nested in best spot in bk,40.7244,-73.95435,Entire home/apt,2500
14420,29281407,THE HIVE // Brand New 3-Story Luxury Townhome,40.72549,-73.94595,Entire home/apt,1271
14475,41529631,Bold and Beautiful Brooklyn Brownstone,40.72667,-73.95074,Entire home/apt,1500
14546,39554417,"Entire Villa-4 Bedroom - 4,000 sq. ft Experience",40.77435,-73.89560999999999,Entire home/apt,500
14587,18094212,Beautiful 3000-Square-Ft Brownstone in Cobble Hill,40.68673,-73.99653,Entire home/apt,729
14873,21701058,8 Bedroom Luxury Townhouse in Midtown-Sleeps 16,40.763870000000004,-73.98733,Entire home/apt,2221
14887,22436770,Most luxuriest place to relax while visiting NYC,40.76075,-73.99837,Entire home/apt,1500
14946,30416355,Manhattan Mega Mansion!!!!,40.7648,-73.98899,Entire home/apt,7500
15070,39246597,DUPLEX in Midtown 6 bedrooms!! Near Central Park!!,40.7668,-73.9845,Entire home/apt,1225
15189,42517428,DUPLEX APT IN TOWNHOUSE TIMES SQUARE 4BATHS,40.76188,-73.98838,Entire home/apt,1850
15382,38515796,Spacious Master Bedroom  | Roosevelt Island,40.76327,-73.94896,Private room,200
15461,14984002,"Manhattan, Times square 5* mins to Central park",40.763259999999995,-73.92569,Entire home/apt,500
15467,17347938,Large Modern 3-bdrm Duplex Apt near Manhattan,40.75651,-73.91485,Entire home/apt,550
15469,20417560,The City Farmhouse A&B **MONTHLY RENTALS**,40.758179999999996,-73.91398000000001,Entire home/apt,600
15535,40181791,Cozy and quiet place in a non stop city.,40.7595,-73.9259,Entire home/apt,850
15599,6693562,Cozy and spacious in Manhattan!,40.86345,-73.9227,Private room,299
15752,12653871,Charming Prospect Heights Abode,40.66482,-73.95436,Private room,300
15855,30020439,Airy Brooklyn Limestone : 3 Bedroom Suite!,40.67152,-73.94712,Private room,299
15870,32886217,Dash Production loft,40.67041,-73.9463,Private room,250
15911,37837404,accent. Quick stay spot quiet block apt.building,40.6751,-73.94619,Private room,300
15917,38238858,Brooklyn Basement Studio for Professionals,40.67714,-73.95441,Private room,249
15937,39742323,Place of joy Welcome,40.67218,-73.9263,Private room,500
15953,41886368,Rosey‚Äôs place,40.67345,-73.91407,Private room,249
15977,44376631,24 Luxury Stay,40.67695,-73.9541,Private room,350
15986,45177409,Cozy Apartment In Brooklyn,40.67131,-73.92851999999999,Private room,300
16116,24286532,Beautiful cozy room next to subway and Manhattan!,40.75756,-73.91881,Private room,450
16178,34221161,Room with sofa bed or air mattress,40.75593,-73.91275999999999,Private room,1451
16210,37568587,Seeking student 6month to 1 year stay,40.77348,-73.93034,Private room,1300
16245,41944642,Place of peace and comfort for a night.,40.75855,-73.91651,Private room,700
16288,80700,Loft w/ Terrace @ Box House Hotel,40.737770000000005,-73.95366,Private room,349
16290,103311,2 BR w/ Terrace @ Box House Hotel,40.73778,-73.95366,Private room,599
16292,253828,Duplex w/ Terrace @ Box House Hotel,40.737559999999995,-73.9535,Private room,349
16294,254168,2 BR Duplex @ Box House Hotel,40.737559999999995,-73.9535,Private room,599
16424,68974,Unique spacious loft on the Bowery,40.719429999999996,-73.99627,Entire home/apt,611
16456,24086457,HUGE 2500 sq. ft.  Loft in SoHo/Little Italy,40.71841,-73.99753,Entire home/apt,708
16457,25134894,Massive 4 bed 3 bath Loft in SoHo/Little Italy,40.71839,-73.99834,Entire home/apt,763
16518,28429572,RE:GEN:CY,40.67864,-74.00546,Entire home/apt,750
16800,34592851,Beautiful Brooklyn Brownstone Production Space,40.67015,-73.94782,Entire home/apt,4000
16883,42784564,Come and see! Great light apartment. New bath. Sun,40.66465,-73.93056999999999,Entire home/apt,1550
16907,45118266,LONG TERM RENTAL,40.678290000000004,-73.95595,Entire home/apt,1600
16937,39052611,Surfer/Travelers Dream vintage beach house nearJFK,40.58952,-73.81296999999999,Private room,304
16954,13963005,Gorgeous 2 Bedroom apartment,40.72064,-73.83746,Entire home/apt,2350
16993,30535180,Cozy poet‚Äôs room in Central Manhattan,40.7503,-73.97747,Private room,750
17046,17310907,Private Room for 2 near Hospitals E. Flatbush,40.6491,-73.92713,Private room,180
17155,34818674,Heights VI,40.66319,-73.93434,Private room,160
17157,34834104,Heights II,40.66189,-73.93309,Private room,160
17179,38226783,Heights VII,40.661640000000006,-73.93333,Private room,160
17180,38236354,Heights VIII,40.66285,-73.93417,Private room,160
17181,38236736,Heights IX,40.6614,-73.93455,Private room,160
17183,38602668,"2 blocks to train, 25 minutes to grand central.",40.664390000000004,-73.92428000000001,Private room,200
17294,37769774,AMAZING SOHO APARTMENT WITH PRIVATE BACKYARD 2,40.72361,-74.00411,Private room,800
17295,38590572,Offering out a 1 bedroom,40.72531,-74.00245,Private room,700
17298,41593082,PENTHOUSE APARTMENT IN SOHO TOWNHOUSE,40.72129,-74.00256,Private room,800
17374,5015281,Gramercy Park View Pied A Terre,40.73661,-73.98706,Entire home/apt,1000
17385,9430805,Huge 5BR loft with full kitchen/dining for holiday,40.73658,-73.9793,Entire home/apt,1500
17421,33194789,Stunning 3 bedroom in townhouse right on Union Sq,40.73683,-73.98816,Entire home/apt,1200
17457,5046189,Modern/Spacious 4BD 2BA - Perfect for LARGE groups,40.870540000000005,-73.84680999999999,Entire home/apt,914
17546,41035346,"Entire Private Studio, One block from A n C train",40.6725,-73.88805,Entire home/apt,333
17552,41725492,"DUPLEX WITH LARGE JACUZZI, 35 mins to Manhattan",40.66952,-73.88548,Entire home/apt,300
17564,43239732,Brooklyn Designer Suite | 3BD/1BA |Washer/Dryer,40.66585,-73.88157,Entire home/apt,299
17580,8515213,Studio 250 New York City,40.756009999999996,-73.98909,Entire home/apt,1500
17620,30443976,Times Square Palace,40.760059999999996,-73.98589,Entire home/apt,2500
17681,43357832,Luxurious 2BR midtown penthouse with skyline view,40.75715,-73.98510999999999,Entire home/apt,1995
17745,15799603,Noisy room next to Prospect Park,40.65762,-73.96129,Private room,500
17847,42683135,"Perfect Suite for NYC Vacation, Breakfast Included",40.75861,-73.98594,Private room,999
17848,42687566,Luxury Designer Suite in Times Square w/ Breakfast,40.76011,-73.98666999999999,Private room,899
17890,8736827,Rain or Shine Studios:  Dedicated to Production,40.58599,-73.92761999999999,Entire home/apt,2000
17975,32476606,Recently Renovated & Furnished Apt- Room available,40.7354,-74.00208,Private room,2850
18011,26194606,Brooklyn Oasis in Beautiful Bay Ridge,40.617979999999996,-74.03619,Entire home/apt,300
18031,23288667,"Great place for 8, 30 min to Manhattan",40.60859,-73.99331,Entire home/apt,250
18048,6525765,Room for rent in corona queens,40.748259999999995,-73.86755,Private room,1000
18095,25883016,Queens pied-√†-terre apartment (Photo/ Video ONLY ),40.72548,-73.88233000000001,Entire home/apt,2000
18129,6059556,Beautifully renovated brownstone,40.66955,-73.98174,Private room,480
18197,13882394,VIP Duplex Townhouse with Private Garden!!!,40.73305,-73.99373,Entire home/apt,1800
18207,20692563,Greenwich Village Townhome with Private Garden!,40.733000000000004,-73.99413,Entire home/apt,3900
18303,19179961,Orange in Cypress Hills,40.681059999999995,-73.88916,Private room,166
18321,31369708,ROOMS ONE and TWO,40.68537,-73.87442,Private room,200
18411,13980920,"Modern 3 BR home, 4 blocks from Public Transport!",40.65565,-73.93573,Entire home/apt,500
18438,25074072,Family Gather  5 bedrooms 3 full baths,40.64351,-73.95167,Entire home/apt,425
18463,35772374,Luxury Brooklyn Condo only 30 min to NYC,40.63673,-73.94988000000001,Entire home/apt,369
18510,15720498,Beautiful Bedroom: Spacious & Sunny!,40.63725,-73.97345,Private room,127
18593,17516489,Beautiful 3 BR- 2 Full Baths in Upper Manhattan,40.8501,-73.93749,Entire home/apt,2000
18642,37961305,24 under 1-roof in MANHATTAN LUXURY. Free Park,40.835229999999996,-73.94378,Entire home/apt,4999
18783,32563657,94TH STREET 3BR-3BA SUITE WITH DOORMAN-GYM,40.78399,-73.94725,Private room,1100
18815,40229370,Penthouse of Art Gallery Mansion | Private Rooftop,40.77445,-73.95833,Private room,2000
18827,42503820,Private Rooftop and Dining Room in UES Mansion,40.77623,-73.95881,Private room,3000
18864,843524,A Little Palace in Brooklyn for Shoots and Events,40.70234,-73.92424,Entire home/apt,800
18941,15324045,PRIVATE TOWNHOUSE Photoshoot Wedding Holiday,40.69003,-73.90890999999999,Entire home/apt,1143
19100,39415178,Green flat w/ patio in New York artistic Bushwick,40.70217,-73.92302,Entire home/apt,999
19113,40347199,Bushwick Luxury Le  Patio Apartment,40.68865,-73.91581,Entire home/apt,599
19145,42289444,Green flat with patio in New York artistic best,40.70219,-73.92336,Entire home/apt,1069
19227,42856438,"138 Bowery, Studio Apartment",40.71996,-73.99593,Private room,999
19281,32260219,private room for up to 2 guests,40.743109999999994,-73.88098000000001,Private room,300
19288,33068174,Home,40.73247,-73.8768,Private room,443
19397,43170306,Massive 3 BR Penthouse w/2 Balconies (whole floor),40.638259999999995,-73.97180999999999,Entire home/apt,507
19417,24467654,Brooklyn Bunk'd (sleeps 6),40.63323,-74.03067,Private room,164
19500,36880151,Leon Hotel LES,40.717290000000006,-73.99450999999999,Private room,999
19530,42859850,"138 Bowery, One Bedroom Apartment",40.718509999999995,-73.99583,Private room,999
19575,40919992,The best flat in new york,40.735,-73.89992,Entire home/apt,400
19741,39100961,"Chambers Hotel, Chambers Hotel Queen - ADA",40.76225,-73.97463,Private room,10000
19912,31310624,Shoot in Eccentric Loft with tons of Natural Light,40.68343,-74.00371,Entire home/apt,1080
19971,43022394,Fully furnished room in amazing apt with terrace.,40.72226,-73.99564000000001,Private room,236
19991,20464496,LaRoom,40.7105,-73.81589,Private room,9000
20058,44625524,Renovated Brownstone w/ Yard Near Prospect Park,40.65772,-73.97695999999999,Entire home/apt,995
20115,31676440,Duplex LIC Home,40.75367,-73.93592,Entire home/apt,699
20149,40152094,(Event Space Only) Modern Art & Yoga Studio,40.75245,-73.93721,Entire home/apt,800
20155,41993997,Luxury 3 bedroom Duplex Manhattan Skyline Vews,40.74664,-73.95218,Entire home/apt,999
20233,28070872,Private Guest Room - 30min from NYC,40.757709999999996,-73.86368,Private room,650
20411,41036391,Best deal in Sunset park,40.63971,-74.01706999999999,Private room,700
20441,4881017,"Spacious,  3 bedrooms, 2 bath",40.864940000000004,-73.92671999999999,Entire home/apt,332
20497,42757564,Centrally located 2 BR Apt in Downtown NYC,40.711940000000006,-73.99391999999999,Private room,214
20543,31290728,Sunnyside,40.746,-73.91393000000001,Entire home/apt,400
20655,27278924,Greenwich Village Private Room- Prime Location!,40.730470000000004,-73.99937,Private room,1550
20679,19261720,Oceanfront vacation home on Rockaway Beach,40.58831,-73.79236999999999,Entire home/apt,1500
20745,35531254,"Stylish Suite & Excellent Service in Tribeca, NY",40.716190000000005,-74.00655,Private room,765
20769,6359111,Event space. Events only. Gatherings of up to 50,40.74853,-73.98192,Entire home/apt,1057
20805,18927644,2-Bedroom Penthouse with Terrace - Entire Floor,40.74866,-73.97851,Entire home/apt,899
20884,37595410,Stunning spacious 4 br/4ba - Fully Sanitized,40.74603,-73.9769,Entire home/apt,2100
20964,43370455,‚ù§Ô∏è‚ù§Ô∏è‚ù§Ô∏èTIME SQUARE MIDTOWN VIP luxury apt,40.74968,-73.97284,Entire home/apt,1828
21032,17385892,Light-Filled Flatiron: Double Bed 'n Private Bath,40.738279999999996,-73.98954,Private room,250
21052,36468375,"2 minutes to N,Q,R,L,W ,4,5,6,train, private room",40.73509,-73.98928000000001,Private room,268
21084,32089161,Newly rennovated studio space in UWS,40.78757,-73.97624,Shared room,500
21228,773497,Great spot in Brooklyn,40.69407,-73.94551,Shared room,229
21235,19949310,Brooklyn Basement,40.68322,-73.91702,Shared room,200
21411,34997894,entire apartment for rent,40.6336,-74.02884,Entire home/apt,1750
21419,3585309,Beautiful home away from home!,40.76195,-73.80447,Entire home/apt,1750
21440,18935359,Magnificent Lakeview Home on Kissena Park in NYC,40.74982,-73.8061,Entire home/apt,1643
21518,39791692,L and M train Ridgewood Apartment,40.702020000000005,-73.89416999999999,Private room,114
21575,42160230,Think of us as your  home Away from home.,40.63815,-74.08614,Entire home/apt,1200
21669,43053046,room,40.77619,-73.90993,Private room,1000
21684,7024342,"Custom Designed Cozy Garden Apt,",40.64574,-73.90781,Entire home/apt,486
21833,41239727,Cozy comfortable house,40.71141,-73.74383,Entire home/apt,425
21842,12070965,Downtown style in the Bronx,40.8098,-73.92149,Private room,700
21847,26742412,New york Multi-unit building,40.81126,-73.90861,Private room,800
21997,40365807,"Luxury Apt Photo,Film/Events Meetings/Weddings",40.70709,-74.01246,Entire home/apt,1500
21998,40837660,Incredible Stylish Wall St Luxury Building Duplex,40.70578,-74.00859,Entire home/apt,875
22045,44798678,Sonder *Private 1BR Apartment* at Battery Park,40.70454,-74.01647,Entire home/apt,1352
22046,44799007,Sonder at Battery Park | Studio with Weekly Discounts,40.704390000000004,-74.0147,Entire home/apt,1564
22085,44449134,ENTIRE 3 BEDROOMS UP TO 13 PEOPLE NEXT TO ALL,40.73079,-73.85381,Private room,348
22098,14778622,"Modern and Safe Place,Free Wifi",40.700520000000004,-73.75184,Private room,400
22106,22037715,Cozy artistic 3 bedroom home 15-20mins from jfk,40.69863,-73.74941,Private room,371
22160,41133172,Cozy 2 Bedroom Basement,40.68,-73.88929,Entire home/apt,890
22194,24746319,Amazing room for Memorial day weekend only!,40.713190000000004,-73.90315,Private room,250
22233,35704868,LIC - best for short stays!,40.754090000000005,-73.93666,Shared room,3000
22272,37153989,Breathtaking Waterfront Duplex,40.70924,-74.0182,Entire home/apt,800
22311,43235852,Bronx White House Near the Jacobi hospital,40.87676,-73.86457,Private room,289
22406,44374963,HUGE Room - Amazing Location - Walk in Closet,40.70714,-74.00775,Private room,1350
22411,44533446,FINANCIAL DISTRICT AREA IMMEDIATE MOVE IN,40.708420000000004,-74.00516,Private room,1500
22464,36076181,3 Bedroom Penthouse minutes from JFK and Manhattan,40.69855,-73.85279,Private room,141
22495,25511717,"Gorgeous summer spot in boerum hill, brooklyn!",40.684940000000005,-73.9885,Private room,1333
22536,2055559,twin bed in own space,40.73673,-73.95655,Shared room,90
22575,32901262,"Chabla Residence. The perfect stay, when away",40.75196,-73.86893,Entire home/apt,307
22632,45075429,Cozy room in forest hills,40.71195,-73.85484,Private room,199
22658,35499352,A luxury Bronx living,40.88531,-73.90008,Private room,300
22728,27457026,New york views close to JFK and the NY City.. fun,40.70653,-73.80561,Entire home/apt,975
22780,22305797,Cozy bedroom in a share apartmet,40.875040000000006,-73.88476,Private room,200
22801,18595831,"The Locals House // Best Location, Nicest Home",40.5889,-73.81585,Entire home/apt,631
22841,9935095,"Entire pvt. house for rent ,2 floors
 3 bdrms., 2.5  baths. Newly renovated,avail. From Nov. 2018 thru April 30,2019 $3000/ month",40.59195,-73.94639000000001,Private room,350
22852,22189261,Guest bedroom in a two floor apartment,40.60218,-73.95159,Private room,300
22894,36080023,The Game Room,40.84218,-73.90969,Private room,364
22930,39973319,Castle on the Hill (Richmond Hill),40.69149,-73.83891,Private room,249
23031,29614580,‚ö° 3 APT in 1--Large groups Travel & stay together‚ö°,40.87831,-73.86511,Entire home/apt,689
23070,15785785,Harrigan Luxury Townhouse Suite,40.6724,-73.88839,Private room,260
23086,29339310,"""The Dumont"" Event Space",40.66957,-73.86585,Private room,493
23166,37943438,Historic Brownstone 20 minutes from Grand Central!,40.80903,-73.92103,Entire home/apt,425
23242,29278083,"Nice room with private beth , use of kitchen",40.61703,-73.97055,Private room,350
23264,35715171,Host yr PARTY in style -Manhattan ROOF TOP for 25,40.83571,-73.94179,Shared room,1799
23281,13306081,Elgant double bed room in Brooklyn.,40.6413,-73.90303,Private room,500
23282,13306156,Large deluxe queen size bedroom,40.6418,-73.90245,Private room,486
23402,43730511,Apartment in Queens,40.76097,-73.88181,Entire home/apt,296
23421,8369701,INTER HOUSE entire apt minim 16 day,40.62862,-73.92629000000001,Entire home/apt,426
23512,23247442,"Contemporary Home Away from Home, Entire house",40.63575,-74.08098000000001,Entire home/apt,368
23556,42314863,Rendezvous night | The Fancy Place!,40.72977,-73.81841999999999,Entire home/apt,729
23622,34485738,Large Midtown Manhattan Penthouse,40.75547,-73.98456999999999,Hotel room,2229
23689,20071095,Residential Area in the heart of Queens,40.75704,-73.89005999999999,Private room,125
23744,40397774,Elegant nice huge 1 bedroom walk toLGA &Citi Field,40.7618,-73.86157,Private room,139
23746,40470525,walk to LaGuardia Airport King huge1 bedroom,40.76458,-73.86389,Private room,139
23748,41098511,walk to Laguardia Airport and Citi Field 1 bedroom,40.76319,-73.86202,Private room,149
23835,45060419,‚òÖ Luxury Bayside ‚òÖ Upscale Mansion Surprise time,40.77798,-73.77287,Entire home/apt,1800
23854,40177066,Apartment with water view,40.59655,-73.73810999999999,Private room,300
23941,43834804,Beautiful Bushwick Oasis,40.70325,-73.91759,Shared room,171
23968,41996522,Comfortable and relaxed,40.8224,-73.89673,Private room,130
24060,24607763,Cozy home,40.60909,-73.97155,Entire home/apt,300
24136,22714327,Birth place of Hip hop in the heart of the Bronx.,40.81978,-73.88743000000001,Private room,95
24216,29805732,Book your party on UES NYC Venue,40.77695,-73.95519,Shared room,571
24239,35806372,A big bed in a One bedroom apartment,40.73643,-73.86268000000001,Shared room,300
24310,24632914,The Avalon,40.66959,-73.91204,Private room,120
24496,43507595,"Event Space - Reception, Showers & Celebrations",40.8398,-73.86764000000001,Private room,395
24498,12346131,Hebrews 13:2 - 3BD ‚òÖ‚òÖ‚òÖ‚òÖ‚òÖ,40.86323,-73.84638000000001,Entire home/apt,550
24536,45069893,"Hoffman eve, King size bed, furnished apartment",40.70009,-73.72518000000001,Entire home/apt,4357
24568,42257616,Crocevia Rooms (Kro-che-via),40.89072,-73.85601,Private room,299
24647,33010659,Surfers Paradise!,40.5964,-73.80020999999999,Private room,362
24664,28215216,Queens House bedroom 1,40.6844,-73.74601,Private room,230
24727,33521985,"Kings palace close to jfk, Belmont track  & casino",40.699670000000005,-73.75026,Entire home/apt,621
24770,38984732,Home away from home 5 minutes away from jfk,40.66754,-73.73543000000001,Private room,130
24886,28206177,Bronx Brand New Room #3,40.853609999999996,-73.85018000000001,Private room,120
24924,40570935,BEST APARTMENT FOR YOUR MONEY SUPER ACCOMMODATING!,40.862390000000005,-73.89468000000001,Private room,285
25035,38957054,"Shelburne Hotel & Suites, Two Bedroom Penthouse",40.74725,-73.9786,Hotel room,909
25132,29923582,Elegant Duplex Suite in Manhattan -Private Terrace,40.762190000000004,-73.97646,Hotel room,1375
25170,34518079,Park Avenue Suite with Large Outdoor Terrace,40.74392,-73.98638000000001,Hotel room,1286
25171,34518082,Approx. 980 sqft Suite with Large Outdoor Terrace,40.74392,-73.98638000000001,Hotel room,1186
25366,41348519,Attic with Queen Bed,40.81512,-73.81752,Private room,105
25395,34718633,Mott Haven Dorm CC,40.80893,-73.93111,Shared room,24
25490,34470953,Chelsea Pines Inn - Hide Away Suite,40.73968,-74.00455,Hotel room,362
